{
	"sCI":{
		"Energy":{
			"aug-cc-pCVDZ":697.629,
			"aug-cc-pCVTZ":695.434,
			"aug-cc-pCVQZ":695.255
		},
		"Incertitudes":{
			"aug-cc-pCVDZ":0.0002,
			"aug-cc-pCVTZ":0.0003,
			"aug-cc-pCVQZ":0.002
		}
	},
	"Delta ROHF":{
		"aug-cc-pCVTZ":6.946029999871145e2
	},
	"Delta UHF":{
		"aug-cc-pCVTZ":6.9432e2
	},
	"Delta UMP2":{
		"aug-cc-pCVTZ":6.9586e2
	},
	"CC2":{
		"aug-cc-pCVTZ":6.928023853243122e2
	},
	"CCSD":{
		"aug-cc-pCVTZ":6.977794904511151e2
	},
	"CC3":{
		"aug-cc-pCVTZ":6.940216063836508e2
	},
	"CCSDT":{
		"aug-cc-pCVTZ":6.9534640766338e2
	},
	"CC4":{
		"aug-cc-pCVTZ":6.954019114112087e2
	},
	"CCSDTQ":{
		"aug-cc-pCVTZ":6.954090352944486e2
	},
	"GW":{
		"aug-cc-pCVTZ":6.9401e2
	}
}