{
	"sCI":{
		"Energy":{
			"aug-cc-pCVDZ":292.719,
			"aug-cc-pCVTZ":291.282,
			"aug-cc-pCVQZ":291.170
		},
		"Incertitudes":{
			"aug-cc-pCVDZ":0.0002,
			"aug-cc-pCVTZ":0.002,
			"aug-cc-pCVQZ":0.002
		}
	},
	"Delta ROHF":{
		"aug-cc-pCVTZ":2.9140510875051916e2
	},
	"Delta UHF":{
		"aug-cc-pCVTZ":2.9072e2
	},
	"Delta UMP2":{
		"aug-cc-pCVTZ":2.9229e2
	},
	"CC2":{
		"aug-cc-pCVTZ":2.919481551909226e2
	},
	"CCSD":{
		"aug-cc-pCVTZ":2.9268959821098167e2
	},
	"CC3":{
		"aug-cc-pCVTZ":2.9145593167918577e2
	},
	"CCSDT":{
		"aug-cc-pCVTZ":2.9139796664608923e2
	},
	"CC4":{
		"aug-cc-pCVTZ":2.9133873852731347e2
	},
	"CCSDTQ":{
		"aug-cc-pCVTZ":2.91358285791213e2
	},
	"GW":{
		"aug-cc-pCVTZ":2.9149e2
	}
}