{
	"sCI":{
		"Energy":{
			"aug-cc-pCVDZ":407.215,
			"aug-cc-pCVTZ":405.592,
			"aug-cc-pCVQZ":405.213
		},
		"Incertitudes":{
			"aug-cc-pCVDZ":0.0008,
			"aug-cc-pCVTZ":0.006,
			"aug-cc-pCVQZ":0.006
		}
	},
	"Delta ROHF":{
		"aug-cc-pCVTZ":4.0504082058054894e2
	},
	"Delta UHF":{
		"aug-cc-pCVTZ":4.0471000000000004e2
	},
	"Delta UMP2":{
		"aug-cc-pCVTZ":4.0583e2
	},
	"CC2":{
		"aug-cc-pCVTZ":4.051640217259136e2
	},
	"CCSD":{
		"aug-cc-pCVTZ":4.072797704373775e2
	},
	"CC3":{
		"aug-cc-pCVTZ":4.0518366829261475e2
	},
	"CCSDT":{
		"aug-cc-pCVTZ":4.054559587587523e2
	},
	"CC4":{
		"aug-cc-pCVTZ":4.0556907498907884e2
	},
	"CCSDTQ":{
		"aug-cc-pCVTZ":4.0558362003890323e2
	},
	"GW":{
		"aug-cc-pCVTZ":4.0552e2
	}
}