{
	"sCI":{
		"Energy":{
			"aug-cc-pCVDZ":295.678,
			"aug-cc-pCVTZ":294.463,
			"aug-cc-pCVQZ":294.357
		},
		"Incertitudes":{
			"aug-cc-pCVDZ":0.0006,
			"aug-cc-pCVTZ":0.002,
			"aug-cc-pCVQZ":0.002
		}
	},
	"Delta ROHF":{
		"aug-cc-pCVTZ":2.948691671811497e2
	},
	"Delta UHF":{
		"aug-cc-pCVTZ":2.9387e2
	},
	"Delta UMP2":{
		"aug-cc-pCVTZ":2.9568e2
	},
	"CC2":{
		"aug-cc-pCVTZ":2.959463404148499e2
	},
	"CCSD":{
		"aug-cc-pCVTZ":2.959438743968796e2
	},
	"CC3":{
		"aug-cc-pCVTZ":2.9472918659061975e2
	},
	"CCSDT":{
		"aug-cc-pCVTZ":2.946008292906821e2
	},
	"CC4":{
		"aug-cc-pCVTZ":2.945186384646844e2
	},
	"CCSDTQ":{
		"aug-cc-pCVTZ":2.9451777863689273e2
	},
	"GW":{
		"aug-cc-pCVTZ":2.9484e2
	}
}