{
	"sCI":{
		"Energy":{
			"aug-cc-pCVDZ":293.565,
			"aug-cc-pCVTZ":292.275,
			"aug-cc-pCVQZ":null
		},
		"Incertitudes":{
			"aug-cc-pCVDZ":0.003,
			"aug-cc-pCVTZ":0.004,
			"aug-cc-pCVQZ":null
		}
	},
	"Delta ROHF":{
		"aug-cc-pCVTZ":2.9258266879659504e2
	},
	"Delta UHF":{
		"aug-cc-pCVTZ":2.917e2
	},
	"Delta UMP2":{
		"aug-cc-pCVTZ":2.9322e2
	},
	"CC2":{
		"aug-cc-pCVTZ":2.934768578192606e2
	},
	"CCSD":{
		"aug-cc-pCVTZ":2.940698226302285e2
	},
	"CC3":{
		"aug-cc-pCVTZ":2.925621106545184e2
	},
	"CCSDT":{
		"aug-cc-pCVTZ":2.924437778827818e2
	},
	"CC4":{
		"aug-cc-pCVTZ":2.9237785551619305e2
	},
	"CCSDTQ":{
		"aug-cc-pCVTZ":2.9237229896927306e2
	},
	"GW":{
		"aug-cc-pCVTZ":2.9292e2
	}
}