{
	"sCI":{
		"Energy":{
			"aug-cc-pCVDZ":294.718,
			"aug-cc-pCVTZ":293.564,
			"aug-cc-pCVQZ":293.445
		},
		"Incertitudes":{
			"aug-cc-pCVDZ":0.001,
			"aug-cc-pCVTZ":0.002,
			"aug-cc-pCVQZ":0.006
		}
	},
	"Delta ROHF":{
		"aug-cc-pCVTZ":2.937703043025964e2
	},
	"Delta UHF":{
		"aug-cc-pCVTZ":2.935e2
	},
	"Delta UMP2":{
		"aug-cc-pCVTZ":2.9384000000000003e2
	},
	"CC2":{
		"aug-cc-pCVTZ":2.94817361617213e2
	},
	"CCSD":{
		"aug-cc-pCVTZ":2.948853258496276e2
	},
	"CC3":{
		"aug-cc-pCVTZ":2.936657495813236e2
	},
	"CCSDT":{
		"aug-cc-pCVTZ":2.9358003751525746e2
	},
	"CC4":{
		"aug-cc-pCVTZ":2.9360115536327515e2
	},
	"CCSDTQ":{
		"aug-cc-pCVTZ":2.9360912926047456e2
	},
	"GW":{
		"aug-cc-pCVTZ":2.9384e2
	}
}