{
	"sCI":{
		"Energy":{
			"aug-cc-pCVDZ":694.889,
			"aug-cc-pCVTZ":692.573,
			"aug-cc-pCVQZ":692.397
		},
		"Incertitudes":{
			"aug-cc-pCVDZ":0.002,
			"aug-cc-pCVTZ":0.003,
			"aug-cc-pCVQZ":0.007
		}
	},
	"Delta ROHF":{
		"aug-cc-pCVTZ":6.914537634978603e2
	},
	"Delta UHF":{
		"aug-cc-pCVTZ":6.9117e2
	},
	"Delta UMP2":{
		"aug-cc-pCVTZ":6.9286e2
	},
	"CC2":{
		"aug-cc-pCVTZ":6.899221300966107e2
	},
	"CCSD":{
		"aug-cc-pCVTZ":6.947329292097621e2
	},
	"CC3":{
		"aug-cc-pCVTZ":6.91113708646094e2
	},
	"CCSDT":{
		"aug-cc-pCVTZ":6.922880550795131e2
	},
	"CC4":{
		"aug-cc-pCVTZ":6.925580865318261e2
	},
	"CCSDTQ":{
		"aug-cc-pCVTZ":6.925293371184545e2
	},
	"GW":{
		"aug-cc-pCVTZ":6.9132e2
	}
}