{
	"sCI":{
		"Energy":{
			"aug-cc-pCVDZ":292.076,
			"aug-cc-pCVTZ":290.851,
			"aug-cc-pCVQZ":290.710
		},
		"Incertitudes":{
			"aug-cc-pCVDZ":0.0002,
			"aug-cc-pCVTZ":0.0002,
			"aug-cc-pCVQZ":0.0002
		}
	},
	"Delta ROHF":{
		"aug-cc-pCVTZ":2.908497274111643e2
	},
	"Delta UHF":{
		"aug-cc-pCVTZ":2.9061e2
	},
	"Delta UMP2":{
		"aug-cc-pCVTZ":2.9098e2
	},
	"CC2":{
		"aug-cc-pCVTZ":2.916388700885327e2
	},
	"CCSD":{
		"aug-cc-pCVTZ":2.9199415011669004e2
	},
	"CC3":{
		"aug-cc-pCVTZ":2.9079547427345835e2
	},
	"CCSDT":{
		"aug-cc-pCVTZ":2.907778420056028e2
	},
	"CC4":{
		"aug-cc-pCVTZ":2.908553933975287e2
	},
	"CCSDTQ":{
		"aug-cc-pCVTZ":2.908757467212052e2
	},
	"GW":{
		"aug-cc-pCVTZ":2.9096e2
	}
}