{
	"sCI":{
		"Energy":{
			"aug-cc-pCVDZ":543.141,
			"aug-cc-pCVTZ":541.236,
			"aug-cc-pCVQZ":null
		},
		"Incertitudes":{
			"aug-cc-pCVDZ":0.003,
			"aug-cc-pCVTZ":0.003,
			"aug-cc-pCVQZ":null
		}
	},
	"Delta ROHF":{
		"aug-cc-pCVTZ":5.408187943254504e2
	},
	"Delta UHF":{
		"aug-cc-pCVTZ":5.4053e2
	},
	"Delta UMP2":{
		"aug-cc-pCVTZ":5.4147e2
	},
	"CC2":{
		"aug-cc-pCVTZ":5.393781471822892e2
	},
	"CCSD":{
		"aug-cc-pCVTZ":5.434646230188816e2
	},
	"CC3":{
		"aug-cc-pCVTZ":5.401961761414134e2
	},
	"CCSDT":{
		"aug-cc-pCVTZ":5.411377624400832e2
	},
	"CC4":{
		"aug-cc-pCVTZ":5.412215678875427e2
	},
	"CCSDTQ":{
		"aug-cc-pCVTZ":5.411863252854322e2
	},
	"GW":{
		"aug-cc-pCVTZ":5.4085e2
	}
}