{
	"sCI":{
		"Energy":{
			"aug-cc-pCVDZ":299.043,
			"aug-cc-pCVTZ":297.706,
			"aug-cc-pCVQZ":null
		},
		"Incertitudes":{
			"aug-cc-pCVDZ":0.002,
			"aug-cc-pCVTZ":0.003,
			"aug-cc-pCVQZ":null
		}
	},
	"Delta ROHF":{
		"aug-cc-pCVTZ":2.994425872282685e2
	},
	"Delta UHF":{
		"aug-cc-pCVTZ":2.9915000000000003e2
	},
	"Delta UMP2":{
		"aug-cc-pCVTZ":2.9756e2
	},
	"CC2":{
		"aug-cc-pCVTZ":2.994594462308325e2
	},
	"CCSD":{
		"aug-cc-pCVTZ":2.995722452744101e2
	},
	"CC3":{
		"aug-cc-pCVTZ":2.981299030550767e2
	},
	"CCSDT":{
		"aug-cc-pCVTZ":2.980621308887045e2
	},
	"CC4":{
		"aug-cc-pCVTZ":2.9783520092592516e2
	},
	"CCSDTQ":{
		"aug-cc-pCVTZ":2.978268736660857e2
	},
	"GW":{
		"aug-cc-pCVTZ":2.9821e2
	}
}