{
	"sCI":{
		"Energy":{
			"aug-cc-pCVDZ":297.602,
			"aug-cc-pCVTZ":296.257,
			"aug-cc-pCVQZ":296.177
		},
		"Incertitudes":{
			"aug-cc-pCVDZ":0.0003,
			"aug-cc-pCVTZ":0.0008,
			"aug-cc-pCVQZ":0.002
		}
	},
	"Delta ROHF":{
		"aug-cc-pCVTZ":2.971997694129474e2
	},
	"Delta UHF":{
		"aug-cc-pCVTZ":2.9640000000000003e2
	},
	"Delta UMP2":{
		"aug-cc-pCVTZ":2.9775e2
	},
	"CC2":{
		"aug-cc-pCVTZ":2.9772918518588e2
	},
	"CCSD":{
		"aug-cc-pCVTZ":2.9766365964752873e2
	},
	"CC3":{
		"aug-cc-pCVTZ":2.965693443715191e2
	},
	"CCSDT":{
		"aug-cc-pCVTZ":2.9646855128346436e2
	},
	"CC4":{
		"aug-cc-pCVTZ":2.9630865837726043e2
	},
	"CCSDTQ":{
		"aug-cc-pCVTZ":2.9630864975098046e2
	},
	"GW":{
		"aug-cc-pCVTZ":2.9614e2
	}
}