{
	"sCI":{
		"Energy":{
			"aug-cc-pCVDZ":294.743,
			"aug-cc-pCVTZ":293.393,
			"aug-cc-pCVQZ":293.336
		},
		"Incertitudes":{
			"aug-cc-pCVDZ":0.002,
			"aug-cc-pCVTZ":0.006,
			"aug-cc-pCVQZ":0.01
		}
	},
	"Delta ROHF":{
		"aug-cc-pCVTZ":2.947084710270405e2
	},
	"Delta UHF":{
		"aug-cc-pCVTZ":2.9463e2
	},
	"Delta UMP2":{
		"aug-cc-pCVTZ":2.9374e2
	},
	"CC2":{
		"aug-cc-pCVTZ":2.9475383838013545e2
	},
	"CCSD":{
		"aug-cc-pCVTZ":2.952620459071412e2
	},
	"CC3":{
		"aug-cc-pCVTZ":2.9401714788016176e2
	},
	"CCSDT":{
		"aug-cc-pCVTZ":2.937521888138056e2
	},
	"CC4":{
		"aug-cc-pCVTZ":2.935292131600741e2
	},
	"CCSDTQ":{
		"aug-cc-pCVTZ":2.935057129167224e2
	},
	"GW":{
		"aug-cc-pCVTZ":2.9411e2
	}
}