{
	"sCI":{
		"Energy":{
			"aug-cc-pCVDZ":698.730,
			"aug-cc-pCVTZ":696.414,
			"aug-cc-pCVQZ":696.210
		},
		"Incertitudes":{
			"aug-cc-pCVDZ":0.0006,
			"aug-cc-pCVTZ":0.001,
			"aug-cc-pCVQZ":0.005
		}
	},
	"Delta ROHF":{
		"aug-cc-pCVTZ":6.949812706043961e2
	},
	"Delta UHF":{
		"aug-cc-pCVTZ":6.945500000000001e2
	},
	"Delta UMP2":{
		"aug-cc-pCVTZ":6.9713e2
	},
	"CC2":{
		"aug-cc-pCVTZ":6.943087766773482e2
	},
	"CCSD":{
		"aug-cc-pCVTZ":6.98584383082118e2
	},
	"CC3":{
		"aug-cc-pCVTZ":6.955723462536563e2
	},
	"CCSDT":{
		"aug-cc-pCVTZ":6.962580291004562e2
	},
	"CC4":{
		"aug-cc-pCVTZ":6.964557187967545e2
	},
	"CCSDTQ":{
		"aug-cc-pCVTZ":6.9644149633707e2
	},
	"GW":{
		"aug-cc-pCVTZ":6.9562e2
	}
}