{
	"sCI":{
		"Energy":{
			"aug-cc-pCVDZ":2823.70,
			"aug-cc-pCVTZ":2821.42,
			"aug-cc-pCVQZ":2821.43
		},
		"Incertitudes":{
			"aug-cc-pCVDZ":0.00003,
			"aug-cc-pCVTZ":0.0004,
			"aug-cc-pCVQZ":0.004
		}
	},
	"Delta ROHF":{
		"aug-cc-pCVTZ":2.8216679049238646e3
	},
	"Delta UHF":{
		"aug-cc-pCVTZ":2.82138e3
	},
	"Delta UMP2":{
		"aug-cc-pCVTZ":2.82181e3
	},
	"CC2":{
		"aug-cc-pCVTZ":2.8213209545166305e3
	},
	"CCSD":{
		"aug-cc-pCVTZ":2.824607970908304e3
	},
	"CC3":{
		"aug-cc-pCVTZ":2.820707418215592e3
	},
	"CCSDT":{
		"aug-cc-pCVTZ":2.8214533271172872e3
	},
	"CC4":{
		"aug-cc-pCVTZ":2.821370704920791e3
	},
	"CCSDTQ":{
		"aug-cc-pCVTZ":2.821428610135747e3
	},
	"GW":{
		"aug-cc-pCVTZ":2.82142e3
	}
}