{
	"sCI":{
		"Energy":{
			"aug-cc-pCVDZ":294.799,
			"aug-cc-pCVTZ":293.402,
			"aug-cc-pCVQZ":293.299
		},
		"Incertitudes":{
			"aug-cc-pCVDZ":0.0002,
			"aug-cc-pCVTZ":0.001,
			"aug-cc-pCVQZ":0.002
		}
	},
	"Delta ROHF":{
		"aug-cc-pCVTZ":2.9375179363111164e2
	},
	"Delta UHF":{
		"aug-cc-pCVTZ":2.9288e2
	},
	"Delta UMP2":{
		"aug-cc-pCVTZ":2.9499e2
	},
	"CC2":{
		"aug-cc-pCVTZ":2.942209719796203e2
	},
	"CCSD":{
		"aug-cc-pCVTZ":2.946293888428227e2
	},
	"CC3":{
		"aug-cc-pCVTZ":2.936793055500393e2
	},
	"CCSDT":{
		"aug-cc-pCVTZ":2.935486350955517e2
	},
	"CC4":{
		"aug-cc-pCVTZ":2.9341507154528574e2
	},
	"CCSDTQ":{
		"aug-cc-pCVTZ":2.9343497110150344e2
	},
	"GW":{
		"aug-cc-pCVTZ":2.9354e2
	}
}