{
	"sCI":{
		"Energy":{
			"aug-cc-pCVDZ":408.449,
			"aug-cc-pCVTZ":406.767,
			"aug-cc-pCVQZ":406.658
		},
		"Incertitudes":{
			"aug-cc-pCVDZ":0.0002,
			"aug-cc-pCVTZ":0.001,
			"aug-cc-pCVQZ":0.003
		}
	},
	"Delta ROHF":{
		"aug-cc-pCVTZ":4.0666372809313805e2
	},
	"Delta UHF":{
		"aug-cc-pCVTZ":4.0607e2
	},
	"Delta UMP2":{
		"aug-cc-pCVTZ":4.0753000000000003e2
	},
	"CC2":{
		"aug-cc-pCVTZ":4.0606359445984305e2
	},
	"CCSD":{
		"aug-cc-pCVTZ":4.083277403334287e2
	},
	"CC3":{
		"aug-cc-pCVTZ":4.0655368748667877e2
	},
	"CCSDT":{
		"aug-cc-pCVTZ":4.067339607081943e2
	},
	"CC4":{
		"aug-cc-pCVTZ":4.067416996201461e2
	},
	"CCSDTQ":{
		"aug-cc-pCVTZ":4.0677635705653364e2
	},
	"GW":{
		"aug-cc-pCVTZ":4.0666e2
	}
}