{
	"sCI":{
		"Energy":{
			"aug-cc-pCVDZ":408.012,
			"aug-cc-pCVTZ":406.400,
			"aug-cc-pCVQZ":null
		},
		"Incertitudes":{
			"aug-cc-pCVDZ":0.001,
			"aug-cc-pCVTZ":0.006,
			"aug-cc-pCVQZ":null
		}
	},
	"Delta ROHF":{
		"aug-cc-pCVTZ":4.062254730650962e2
	},
	"Delta UHF":{
		"aug-cc-pCVTZ":4.0595e2
	},
	"Delta UMP2":{
		"aug-cc-pCVTZ":4.0658e2
	},
	"CC2":{
		"aug-cc-pCVTZ":4.0574236151393825e2
	},
	"CCSD":{
		"aug-cc-pCVTZ":4.0818420895675484e2
	},
	"CC3":{
		"aug-cc-pCVTZ":4.059596804585675e2
	},
	"CCSDT":{
		"aug-cc-pCVTZ":4.063323387661099e2
	},
	"CC4":{
		"aug-cc-pCVTZ":4.0641351154182723e2
	},
	"CCSDTQ":{
		"aug-cc-pCVTZ":4.063984826974898e2
	},
	"GW":{
		"aug-cc-pCVTZ":4.0643e2
	}
}