{
	"sCI":{
		"Energy":{
			"aug-cc-pCVDZ":542.057,
			"aug-cc-pCVTZ":540.138,
			"aug-cc-pCVQZ":null
		},
		"Incertitudes":{
			"aug-cc-pCVDZ":0.002,
			"aug-cc-pCVTZ":0.006,
			"aug-cc-pCVQZ":null
		}
	},
	"Delta ROHF":{
		"aug-cc-pCVTZ":5.396477384921926e2
	},
	"Delta UHF":{
		"aug-cc-pCVTZ":5.3935e2
	},
	"Delta UMP2":{
		"aug-cc-pCVTZ":5.405e2
	},
	"CC2":{
		"aug-cc-pCVTZ":5.384594107061371e2
	},
	"CCSD":{
		"aug-cc-pCVTZ":5.426293652760346e2
	},
	"CC3":{
		"aug-cc-pCVTZ":5.390637605059468e2
	},
	"CCSDT":{
		"aug-cc-pCVTZ":5.401111781135871e2
	},
	"CC4":{
		"aug-cc-pCVTZ":5.401182522881306e2
	},
	"CCSDTQ":{
		"aug-cc-pCVTZ":5.40102432613296e2
	},
	"GW":{
		"aug-cc-pCVTZ":5.3977e2
	}
}