{
	"sCI":{
		"Energy":{
			"aug-cc-pCVDZ":543.558,
			"aug-cc-pCVTZ":541.598,
			"aug-cc-pCVQZ":541.453
		},
		"Incertitudes":{
			"aug-cc-pCVDZ":0.0007,
			"aug-cc-pCVTZ":0.003,
			"aug-cc-pCVQZ":0.004
		}
	},
	"Delta ROHF":{
		"aug-cc-pCVTZ":5.406393666212061e2
	},
	"Delta UHF":{
		"aug-cc-pCVTZ":5.4029e2
	},
	"Delta UMP2":{
		"aug-cc-pCVTZ":5.421e2
	},
	"CC2":{
		"aug-cc-pCVTZ":5.399811191628639e2
	},
	"CCSD":{
		"aug-cc-pCVTZ":5.435583193954683e2
	},
	"CC3":{
		"aug-cc-pCVTZ":5.408892679361978e2
	},
	"CCSDT":{
		"aug-cc-pCVTZ":5.414657993096192e2
	},
	"CC4":{
		"aug-cc-pCVTZ":5.416012197879289e2
	},
	"CCSDTQ":{
		"aug-cc-pCVTZ":5.416044404124867e2
	},
	"GW":{
		"aug-cc-pCVTZ":5.4103e2
	}
}