{
	"sCI":{
		"Energy":{
			"aug-cc-pCVDZ":696.466,
			"aug-cc-pCVTZ":694.166,
			"aug-cc-pCVQZ":693.958
		},
		"Incertitudes":{
			"aug-cc-pCVDZ":0.0006,
			"aug-cc-pCVTZ":0.002,
			"aug-cc-pCVQZ":0.002
		}
	},
	"Delta ROHF":{
		"aug-cc-pCVTZ":6.925303185951824e2
	},
	"Delta UHF":{
		"aug-cc-pCVTZ":6.922e2
	},
	"Delta UMP2":{
		"aug-cc-pCVTZ":6.946800000000001e2
	},
	"CC2":{
		"aug-cc-pCVTZ":6.917096518223623e2
	},
	"CCSD":{
		"aug-cc-pCVTZ":6.964750066277262e2
	},
	"CC3":{
		"aug-cc-pCVTZ":6.929637727522841e2
	},
	"CCSDT":{
		"aug-cc-pCVTZ":6.939172381687745e2
	},
	"CC4":{
		"aug-cc-pCVTZ":6.941642389217278e2
	},
	"CCSDTQ":{
		"aug-cc-pCVTZ":6.941297470782239e2
	},
	"GW":{
		"aug-cc-pCVTZ":6.9326e2
	}
}