{
	"sCI":{
		"Energy":{
			"aug-cc-pCVDZ":411.600,
			"aug-cc-pCVTZ":409.879,
			"aug-cc-pCVQZ":409.770
		},
		"Incertitudes":{
			"aug-cc-pCVDZ":0.0003,
			"aug-cc-pCVTZ":0.0008,
			"aug-cc-pCVQZ":0.001
		}
	},
	"Delta ROHF":{
		"aug-cc-pCVTZ":4.101501854136577e2
	},
	"Delta UHF":{
		"aug-cc-pCVTZ":4.0942e2
	},
	"Delta UMP2":{
		"aug-cc-pCVTZ":4.1109000000000003e2
	},
	"CC2":{
		"aug-cc-pCVTZ":4.095445829192945e2
	},
	"CCSD":{
		"aug-cc-pCVTZ":4.112755790466949e2
	},
	"CC3":{
		"aug-cc-pCVTZ":4.100524098130637e2
	},
	"CCSDT":{
		"aug-cc-pCVTZ":4.1000399746384977e2
	},
	"CC4":{
		"aug-cc-pCVTZ":4.098998669482534e2
	},
	"CCSDTQ":{
		"aug-cc-pCVTZ":4.099460072823727e2
	},
	"GW":{
		"aug-cc-pCVTZ":4.0975e2
	}
}