{
	"sCI":{
		"Energy":{
			"aug-cc-pCVDZ":695.265,
			"aug-cc-pCVTZ":692.966,
			"aug-cc-pCVQZ":692.782
		},
		"Incertitudes":{
			"aug-cc-pCVDZ":0.002,
			"aug-cc-pCVTZ":0.003,
			"aug-cc-pCVQZ":0.003
		}
	},
	"Delta ROHF":{
		"aug-cc-pCVTZ":6.915703719009972e2
	},
	"Delta UHF":{
		"aug-cc-pCVTZ":6.9126e2
	},
	"Delta UMP2":{
		"aug-cc-pCVTZ":6.9336e2
	},
	"CC2":{
		"aug-cc-pCVTZ":6.904148485336074e2
	},
	"CCSD":{
		"aug-cc-pCVTZ":6.952777807905674e2
	},
	"CC3":{
		"aug-cc-pCVTZ":6.915810610654655e2
	},
	"CCSDT":{
		"aug-cc-pCVTZ":6.92693147478011e2
	},
	"CC4":{
		"aug-cc-pCVTZ":6.929462959119779e2
	},
	"CCSDTQ":{
		"aug-cc-pCVTZ":6.929128288971998e2
	},
	"GW":{
		"aug-cc-pCVTZ":6.9194e2
	}
}