{
	"sCI":{
		"Energy":{
			"aug-cc-pCVDZ":410.037,
			"aug-cc-pCVTZ":408.444,
			"aug-cc-pCVQZ":408.343
		},
		"Incertitudes":{
			"aug-cc-pCVDZ":0.002,
			"aug-cc-pCVTZ":0.003,
			"aug-cc-pCVQZ":0.002
		}
	},
	"Delta ROHF":{
		"aug-cc-pCVTZ":4.0855934802150364e2
	},
	"Delta UHF":{
		"aug-cc-pCVTZ":4.0803000000000003e2
	},
	"Delta UMP2":{
		"aug-cc-pCVTZ":4.0929e2
	},
	"CC2":{
		"aug-cc-pCVTZ":4.0874170431476983e2
	},
	"CCSD":{
		"aug-cc-pCVTZ":4.101297603453756e2
	},
	"CC3":{
		"aug-cc-pCVTZ":4.083354542602644e2
	},
	"CCSDT":{
		"aug-cc-pCVTZ":4.08429677042186e2
	},
	"CC4":{
		"aug-cc-pCVTZ":4.0847740446688476e2
	},
	"CCSDTQ":{
		"aug-cc-pCVTZ":4.08490266592967e2
	},
	"GW":{
		"aug-cc-pCVTZ":4.0862e2
	}
}