{
	"sCI":{
		"Energy":{
			"aug-cc-pCVDZ":543.358,
			"aug-cc-pCVTZ":541.438,
			"aug-cc-pCVQZ":null
		},
		"Incertitudes":{
			"aug-cc-pCVDZ":0.004,
			"aug-cc-pCVTZ":0.004,
			"aug-cc-pCVQZ":null
		}
	},
	"Delta ROHF":{
		"aug-cc-pCVTZ":5.406618766930242e2
	},
	"Delta UHF":{
		"aug-cc-pCVTZ":5.403100000000001e2
	},
	"Delta UMP2":{
		"aug-cc-pCVTZ":5.425600000000001e2
	},
	"CC2":{
		"aug-cc-pCVTZ":5.391599582289494e2
	},
	"CCSD":{
		"aug-cc-pCVTZ":5.436933288962963e2
	},
	"CC3":{
		"aug-cc-pCVTZ":5.400631033014147e2
	},
	"CCSDT":{
		"aug-cc-pCVTZ":5.413665229052868e2
	},
	"CC4":{
		"aug-cc-pCVTZ":5.41455208010648e2
	},
	"CCSDTQ":{
		"aug-cc-pCVTZ":5.413836070641335e2
	},
	"GW":{
		"aug-cc-pCVTZ":5.4085e2
	}
}