{
	"sCI":{
		"Energy":{
			"aug-cc-pCVDZ":296.722,
			"aug-cc-pCVTZ":295.374,
			"aug-cc-pCVQZ":null
		},
		"Incertitudes":{
			"aug-cc-pCVDZ":0.007,
			"aug-cc-pCVTZ":0.03,
			"aug-cc-pCVQZ":null
		}
	},
	"Delta ROHF":{
		"aug-cc-pCVTZ":2.9718698925956886e2
	},
	"Delta UHF":{
		"aug-cc-pCVTZ":2.9686e2
	},
	"Delta UMP2":{
		"aug-cc-pCVTZ":2.9539e2
	},
	"CC2":{
		"aug-cc-pCVTZ":2.971094518845287e2
	},
	"CCSD":{
		"aug-cc-pCVTZ":2.9767609107418394e2
	},
	"CC3":{
		"aug-cc-pCVTZ":2.959916803766874e2
	},
	"CCSDT":{
		"aug-cc-pCVTZ":2.9583347016167335e2
	},
	"CC4":{
		"aug-cc-pCVTZ":2.9559573732873764e2
	},
	"CCSDTQ":{
		"aug-cc-pCVTZ":2.955756146017161e2
	},
	"GW":{
		"aug-cc-pCVTZ":2.9621e2
	}
}