{
	"sCI":{
		"Energy":{
			"aug-cc-pCVDZ":2147.92,
			"aug-cc-pCVTZ":2145.61,
			"aug-cc-pCVQZ":null
		},
		"Incertitudes":{
			"aug-cc-pCVDZ":0.01,
			"aug-cc-pCVTZ":0.009,
			"aug-cc-pCVQZ":null
		}
	},
	"Delta ROHF":{
		"aug-cc-pCVTZ":2.1461905301825855e3
	},
	"Delta UHF":{
		"aug-cc-pCVTZ":2.14594e3
	},
	"Delta UMP2":{
		"aug-cc-pCVTZ":2.14876e3
	},
	"CC2":{
		"aug-cc-pCVTZ":2.146101878051676e3
	},
	"CCSD":{
		"aug-cc-pCVTZ":2.149473141081836e3
	},
	"CC3":{
		"aug-cc-pCVTZ":2.145034729494599e3
	},
	"CCSDT":{
		"aug-cc-pCVTZ":2.145906549118899e3
	},
	"CC4":{
		"aug-cc-pCVTZ":2.1456243620532473e3
	},
	"CCSDTQ":{
		"aug-cc-pCVTZ":2.1457123578306014e3
	},
	"GW":{
		"aug-cc-pCVTZ":2.14655e3
	}
}