{
	"sCI":{
		"Energy":{
			"aug-cc-pCVDZ":2149.76,
			"aug-cc-pCVTZ":2147.47,
			"aug-cc-pCVQZ":2147.57
		},
		"Incertitudes":{
			"aug-cc-pCVDZ":0.002,
			"aug-cc-pCVTZ":0.01,
			"aug-cc-pCVQZ":0.01
		}
	},
	"Delta ROHF":{
		"aug-cc-pCVTZ":2.1483110515825497e3
	},
	"Delta UHF":{
		"aug-cc-pCVTZ":2.14805e3
	},
	"Delta UMP2":{
		"aug-cc-pCVTZ":2.14718e3
	},
	"CC2":{
		"aug-cc-pCVTZ":2.1475709573558674e3
	},
	"CCSD":{
		"aug-cc-pCVTZ":2.1506236773952323e3
	},
	"CC3":{
		"aug-cc-pCVTZ":2.1471923886950112e3
	},
	"CCSDT":{
		"aug-cc-pCVTZ":2.147749602967615e3
	},
	"CC4":{
		"aug-cc-pCVTZ":2.1475020949464993e3
	},
	"CCSDTQ":{
		"aug-cc-pCVTZ":2.147578267869861e3
	},
	"GW":{
		"aug-cc-pCVTZ":2.14763e3
	}
}