{
	"sCI":{
		"Energy":{
			"aug-cc-pCVDZ":1845.50,
			"aug-cc-pCVTZ":1843.30,
			"aug-cc-pCVQZ":1843.79
		},
		"Incertitudes":{
			"aug-cc-pCVDZ":0.0004,
			"aug-cc-pCVTZ":0.004,
			"aug-cc-pCVQZ":0.006
		}
	},
	"Delta ROHF":{
		"aug-cc-pCVTZ":1.8438378334074703e3
	},
	"Delta UHF":{
		"aug-cc-pCVTZ":1.84356e3
	},
	"Delta UMP2":{
		"aug-cc-pCVTZ":1.844e3
	},
	"CC2":{
		"aug-cc-pCVTZ":1.8434574306535162e3
	},
	"CCSD":{
		"aug-cc-pCVTZ":1.8462575926332165e3
	},
	"CC3":{
		"aug-cc-pCVTZ":1.8428658575889492e3
	},
	"CCSDT":{
		"aug-cc-pCVTZ":1.8433967105240026e3
	},
	"CC4":{
		"aug-cc-pCVTZ":1.843286363322222e3
	},
	"CCSDTQ":{
		"aug-cc-pCVTZ":1.843332810506434e3
	},
	"GW":{
		"aug-cc-pCVTZ":1.84396e3
	}
}