{
	"sCI":{
		"Energy":{
			"aug-cc-pCVDZ":539.265,
			"aug-cc-pCVTZ":537.195,
			"aug-cc-pCVQZ":537.029
		},
		"Incertitudes":{
			"aug-cc-pCVDZ":0.0005,
			"aug-cc-pCVTZ":0.004,
			"aug-cc-pCVQZ":0.008
		}
	},
	"Delta ROHF":{
		"aug-cc-pCVTZ":5.359904487316782e2
	},
	"Delta UHF":{
		"aug-cc-pCVTZ":5.356800000000001e2
	},
	"Delta UMP2":{
		"aug-cc-pCVTZ":5.3752e2
	},
	"CC2":{
		"aug-cc-pCVTZ":5.345468858489572e2
	},
	"CCSD":{
		"aug-cc-pCVTZ":5.398654828490288e2
	},
	"CC3":{
		"aug-cc-pCVTZ":5.348606436439447e2
	},
	"CCSDT":{
		"aug-cc-pCVTZ":5.371019548201778e2
	},
	"CC4":{
		"aug-cc-pCVTZ":5.368572163395761e2
	},
	"CCSDTQ":{
		"aug-cc-pCVTZ":5.370764845812924e2
	},
	"GW":{
		"aug-cc-pCVTZ":5.3646e2
	}
}